"baseMean","log2FoldChange","lfcSE","stat","pvalue","padj","gene"
101.650789468843,-10.0065990905695,2.33013251610788,-4.29443348023996,1.75139982123841e-05,0.00399193531407079,"ENST00000341991.7"
86.9020496982591,22.7068636723914,4.32792569061102,5.24659277807185,1.54937841140889e-07,5.61717375571958e-05,"ENST00000378609.9"
35.0710042850661,-8.47106086881151,2.42278311499112,-3.49641732947382,0.000471550582791723,0.0497513494762228,"ENST00000535355.6"
85.4291336016785,22.6829932813908,4.32660755646764,5.24267407786571,1.58265956837252e-07,5.65651827926937e-05,"ENST00000676179.1"
39.3016954628976,8.84119788253112,2.49265991774362,3.54689294740787,0.000389802951076165,0.0436862357140733,"ENST00000312413.10"
76.4098947413729,22.5282997163574,4.22713466799445,5.32944925718344,9.85110384728921e-08,4.67624564110137e-05,"ENST00000711098.1"
156.346400009271,23.5277354172937,4.29420506063109,5.47895013980444,4.27856898316428e-08,4.43178734655925e-05,"ENST00000401088.9"
111.20516529184,23.0204958409282,4.3484184473926,5.29399277448373,1.19674163359467e-07,4.93486918359925e-05,"ENST00000685814.1"
84.133976732753,-23.22028398501,4.31792176057513,-5.37765278588957,7.54631677305021e-08,4.47062999668686e-05,"ENST00000498238.1"
40.593176175297,-8.6822456829376,2.38806996712905,-3.63567475092676,0.000277253968310383,0.0345091753782456,"ENST00000374269.2"
38.3011111645801,8.80532412307104,2.39492645238304,3.67665742482797,0.000236310046432245,0.0305966997144923,"ENST00000374076.9"
37.0658042086714,-8.5510437541176,2.39907050033633,-3.56431532667291,0.000364807188328995,0.0422886684685494,"ENST00000608611.5"
46.9442596830112,-8.8923555588924,2.45459763774445,-3.62273450530314,0.000291504981388018,0.0354627780842438,"ENST00000632421.1"
30.3557523483132,8.46996450287344,2.42058575785171,3.49913836987564,0.000466764287162331,0.0494394902514156,"ENST00000373836.4"
171.432456150516,23.6330868813385,4.30399304370778,5.49096772261027,3.99737409616149e-08,4.43178734655925e-05,"ENST00000642937.2"
142.822434601169,-10.4973395053272,2.72385650437829,-3.85385187819327,0.000116273954822126,0.0183655051623872,"ENST00000373798.5"
34.6800342784026,8.66128200651468,2.42914793625396,3.56556382476706,0.000363074786299661,0.0421899615143427,"ENST00000373655.6"
213.475676958588,-11.0769789063555,2.33488235226267,-4.74412721292838,2.09407226727323e-06,0.000601700477690599,"ENST00000373329.5"
204.346338488155,11.2209321955064,2.31603717996437,4.84488431039737,1.26685475387234e-06,0.000376012235985878,"ENST00000373330.1"
48.7944498327891,-8.94804177026809,2.41811578376784,-3.70041907436107,0.000215243713806511,0.0286385472318077,"ENST00000373024.8"
33.0820451445322,8.59356784233885,2.418235452665,3.55365224377484,0.000379921226363209,0.0433889317693746,"ENST00000650026.1"
80.2739272636461,22.5510897227175,4.32193499979287,5.21782250862133,1.81038819707277e-07,6.03675061837493e-05,"ENST00000371873.10"
120.042661871324,23.1594609810709,4.35526603779151,5.31757664861609,1.05158390868394e-07,4.68540437923965e-05,"ENST00000370793.5"
56.6083726823449,-9.16205925734114,2.36070357543864,-3.88107145372488,0.00010399727783701,0.0169991141940705,"ENST00000674209.1"
128.690911451033,-22.6122849930476,4.35442900720471,-5.19293917885307,2.06999823973416e-07,6.73609848868673e-05,"ENST00000428239.5"
139.754703398534,-10.4660222525368,2.67985595329043,-3.90544209650006,9.40532780775931e-05,0.0156810618162762,"ENST00000645119.1"
35.8198645967113,-8.50194039251586,2.40549464959233,-3.53438341422073,0.000408727704857759,0.0448761420502262,"ENST00000539140.6"
81.8256321101906,9.90010585406852,2.38194178922591,4.15631729492679,3.23418584138558e-05,0.00642306930021351,"ENST00000680518.1"
88.416721595089,-23.2919235713511,4.2882010638511,-5.43163047267036,5.58414649127154e-08,4.43178734655925e-05,"ENST00000361293.10"
89.6497256240759,-9.8254216078966,2.34639222099883,-4.1874591638878,2.82094756367673e-05,0.00580770583248467,"ENST00000644510.2"
48.7741936432954,9.15289145794375,2.4982515623141,3.66371889685341,0.000248579587607469,0.0318955362065745,"ENST00000698534.1"
117.465058702308,23.1285571499185,4.35330136732268,5.31287756081605,1.07907544504779e-07,4.7008529408094e-05,"ENST00000692827.1"
37.1394026538824,-8.55426071166089,2.41975177016932,-3.53518109465514,0.000407495784500349,0.0448410630576686,"ENST00000368873.6"
39.3808093556289,-8.63893432165199,2.45687258492663,-3.51623212968123,0.000437718103282546,0.0469148694865473,"ENST00000368527.7"
110.836936267695,23.0457064624256,4.34812628441378,5.30014653553989,1.15709773807932e-07,4.88322364947707e-05,"ENST00000697592.1"
145.846274406852,-23.9739996260021,4.33410245935304,-5.5314796663992,3.17540677714009e-08,4.43178734655925e-05,"ENST00000679097.1"
99.0736548441764,-23.4467260699954,4.33108574391376,-5.41359083064652,6.17732361237923e-08,4.43178734655925e-05,"ENST00000678117.1"
277.128166255627,11.6606577958376,2.32401101384613,5.01747096995886,5.23561096670795e-07,0.000160694584551475,"ENST00000677213.1"
54.5490142907503,-9.10844125384996,2.37888842333372,-3.82886442445484,0.000128735897131165,0.0196445887771989,"ENST00000368072.10"
60.9616507712058,9.4757670787165,2.35999845122235,4.01515817682363,5.9405939813139e-05,0.0109083185418623,"ENST00000681541.1"
80.6667217702049,9.87962500989567,2.36639617549695,4.17496660626615,2.98029768005481e-05,0.00605235715710077,"ENST00000367883.3"
165.884643553403,-24.1479334965547,4.34715972117593,-5.55487606745273,2.77808794318846e-08,4.43178734655925e-05,"ENST00000271411.8"
153.742805817122,-10.6035991002265,2.40117717319215,-4.41600029294379,1.0054394762111e-05,0.00245759434685283,"ENST00000443275.2"
36.3279029188407,8.73001257451778,2.42471945248757,3.60042171706153,0.000317701472930273,0.0381375908138232,"ENST00000539888.5"
54.4934957999825,-9.10697901191752,2.37754332058479,-3.83041559456319,0.000127927010454509,0.0195764565941703,"ENST00000366960.8"
39.9424471239331,-8.6590316593126,2.39056161009417,-3.62217464831266,0.000292136771274708,0.0354627780842438,"ENST00000675961.1"
37.9076215474088,-8.58340717890535,2.39941439059858,-3.57729253126804,0.000347171574783105,0.0409472954109357,"ENST00000651761.1"
88.7108907071069,10.0164870777207,2.44016457601073,4.10484078663907,4.04593433390998e-05,0.00780561881369583,"ENST00000675685.1"
52.2299544000809,9.2518309952908,2.46538844656261,3.75268692777004,0.000174949288396086,0.0248776717515891,"ENST00000679842.1"
56.2734835779538,9.35960348693838,2.43334787800494,3.84638940101411,0.000119871202259304,0.0187148048405934,"ENST00000672578.1"
178.239395828657,-10.8166665101707,2.40058177583967,-4.50585213094326,6.61071123248344e-06,0.00169243606667073,"ENST00000646909.1"
78.3489010902335,9.83779667065014,2.34676026028437,4.19207570417015,2.76413719791044e-05,0.00576509371791213,"ENST00000700061.1"
153.407557903833,23.5006633121307,4.29221231161343,5.47518659516097,4.37050830295824e-08,4.43178734655925e-05,"ENST00000448223.7"
216.724177843938,-11.0988109885705,2.31011186482604,-4.80444741986826,1.55179472859328e-06,0.000450679566902583,"ENST00000317402.11"
96.8284122601166,-9.93646973654138,2.33186886120609,-4.26116146660238,2.03367231697026e-05,0.00446572946709011,"ENST00000288599.9"
120.023633754081,-23.7014593554126,4.31518571825457,-5.49256993856558,3.96126597838937e-08,4.43178734655925e-05,"ENST00000380834.7"
84.4427298295685,22.4070816916966,4.23522268573455,5.29065018639283,1.21882288575814e-07,4.94425326204168e-05,"ENST00000317799.10"
39.4802192433481,-8.64201307761705,2.39951210269489,-3.60157094765691,0.000316300075416247,0.0380539282269716,"ENST00000681516.1"
144.678988026416,-23.9212890812405,4.36561214852029,-5.47948105956884,4.26575107118312e-08,4.43178734655925e-05,"ENST00000681329.1"
121.863985972138,23.1782410927606,4.26878904252087,5.42969935077257,5.64490664787058e-08,4.43178734655925e-05,"ENST00000409913.5"
161.754269814678,-10.6768446103863,2.34967726944888,-4.54396216417013,5.52065713124099e-06,0.00142689175872013,"ENST00000649435.1"
123.831125567702,-10.2912289336065,2.361866603924,-4.35724393431392,1.31710450190666e-05,0.00314817115435822,"ENST00000649748.1"
142.841506148947,10.7041634790452,2.3463661477689,4.56201752195561,5.06644179527007e-06,0.00134158882028772,"ENST00000406226.1"
98.2873559962067,-23.4358562970135,4.3304159178631,-5.41191810244829,6.23532072215981e-08,4.43178734655925e-05,"ENST00000409476.5"
118.209543789752,-10.2242394188703,2.33937198007797,-4.37050606143002,1.23958913277297e-05,0.0030027518100118,"ENST00000677841.1"
121.515577967905,22.574983266996,4.35637695521499,5.18205460617259,2.19454940889015e-07,7.09864458196628e-05,"ENST00000413456.6"
104.315647163974,-23.5171170416808,4.33548383218081,-5.42433508046353,5.81706693295556e-08,4.43178734655925e-05,"ENST00000682801.1"
195.012582209729,-23.8752294973271,4.36407637678296,-5.47085509876595,4.4786937114182e-08,4.43178734655925e-05,"ENST00000409868.5"
122.90277420078,-10.2802434849992,2.89570536174019,-3.55016902645829,0.000384983884159815,0.0435583851561765,"ENST00000448666.7"
33.2071181818219,8.59876629249348,2.42723872599899,3.5426125170092,0.000396184369232423,0.0443094895270523,"ENST00000439385.5"
149.132754778792,23.4582505862045,4.37571901611601,5.36100478568355,8.27603250094756e-08,4.47062999668686e-05,"ENST00000350878.9"
31.1866767562562,8.50925205581823,2.41867119649664,3.51815164795594,0.000434563948581256,0.046844784686271,"ENST00000448770.5"
113.522736377631,-10.1658706486134,2.34114321241267,-4.34226774112506,1.41019531216397e-05,0.00334111142841165,"ENST00000401466.5"
140.469462201425,10.6801105993499,2.32797149361963,4.5877325511164,4.48086165476913e-06,0.00121025832864487,"ENST00000272521.7"
100.150481728958,-9.98497727987384,2.38672054451274,-4.18355525653394,2.86985293510883e-05,0.00585005983779788,"ENST00000351288.10"
80.9161193030436,22.5968825383826,4.23170617295634,5.33989875828171,9.29985013182424e-08,4.67624564110137e-05,"ENST00000281923.4"
82.115072384372,22.6310751711031,4.32361375361473,5.23429623013447,1.6561466271178e-07,5.7348323493767e-05,"ENST00000295238.11"
77.8435859489957,-23.120148857089,4.31212798675089,-5.36165645549626,8.24622561010687e-08,4.47062999668686e-05,"ENST00000696381.1"
97.8327352580491,10.1587106537566,2.3533410694061,4.31671838214268,1.58365996005607e-05,0.00368740204233918,"ENST00000409075.5"
101.462288298064,-10.003974821398,2.3385249929526,-4.27789946720521,1.88665187529715e-05,0.00418980745779593,"ENST00000409289.6"
69.7185277150284,-9.46272083265327,2.36752178513148,-3.99688859975064,6.41804850125121e-05,0.0116341128184258,"ENST00000681952.1"
118.937974798889,23.1266380583692,4.35442727598067,5.31106310718228,1.0898757893276e-07,4.70992002109502e-05,"ENST00000612742.5"
120.340241476489,10.4575353917123,2.38480781172413,4.38506421368686,1.15951568654438e-05,0.00282143594015499,"ENST00000695912.1"
32.8082824800397,8.58200257272161,2.41150358102919,3.55877662394304,0.000372586238958455,0.0429870128531701,"ENST00000698667.1"
115.974619810351,-10.1969318522256,2.41254751495974,-4.22662425879549,2.37223297538016e-05,0.00508514496416908,"ENST00000264110.7"
85.6182666717435,22.6873420141403,4.2363818869293,5.35535809086016,8.53871404239241e-08,4.54813789336502e-05,"ENST00000359218.10"
184.925615460614,11.077206163634,2.3678610611523,4.67814870786521,2.89476584259474e-06,0.000814439354432944,"ENST00000361099.8"
120.041624123367,-23.7075853869295,4.34798213144225,-5.45254894574867,4.96528992827994e-08,4.43178734655925e-05,"ENST00000673777.1"
654.724840742732,-25.9922257975935,4.52887368359789,-5.73922516137487,9.5110698252657e-09,4.43178734655925e-05,"ENST00000426480.2"
88.9489543912392,22.7409255566883,4.23963066852864,5.36389306868103,8.14471317001337e-08,4.47062999668686e-05,"ENST00000684175.1"
69.1458218133457,9.6583061473318,2.38847159849778,4.04371823110911,5.26101409925352e-05,0.00983372735735556,"ENST00000683338.1"
50.1397993324683,-8.98678752615629,2.39523078330344,-3.75195057979421,0.000175464057782547,0.0248776717515891,"ENST00000683001.1"
149.202856006791,10.7669860173684,2.35829480702842,4.56558102289823,4.98112756476201e-06,0.00133059775555138,"ENST00000446179.5"
90.3255063431665,10.0425697941895,2.42065658883675,4.14869661417584,3.34373595646193e-05,0.00656819173207699,"ENST00000233072.10"
114.41891930503,23.0906866827894,4.26265168966962,5.41697712218637,6.0615093138303e-08,4.43178734655925e-05,"ENST00000679558.1"
56.7129568032533,-9.16482324213719,2.36766635998998,-3.87082546637862,0.000108467433277909,0.0174383996376172,"ENST00000677259.1"
103.497143736307,-23.5070671618758,4.3016375896427,-5.46467866527741,4.63746091224062e-08,4.43178734655925e-05,"ENST00000344528.8"
85.0623280996745,-9.74951957481519,2.34006686642179,-4.16634230188611,3.09525833511912e-05,0.00626227565561048,"ENST00000485344.6"
47.4998466804853,9.11569500465368,2.37932157167599,3.83121605468091,0.000127511471626076,0.0195683016641165,"ENST00000419534.2"
84.324446529243,22.666053227668,4.32561382925574,5.23996226255081,1.60609438009645e-07,5.65651827926937e-05,"ENST00000402198.7"
222.153392707076,-11.1345265917606,2.30945238763704,-4.82128432323002,1.42636882980678e-06,0.000421043813209466,"ENST00000406341.5"
94.2666301811625,21.4621741408181,4.33439193068509,4.95159978240035,7.36058615618644e-07,0.000224639267554257,"ENST00000693312.1"
83.8370256970333,-9.72831423617379,2.59143108947965,-3.75403161429509,0.000174012902005595,0.0248776717515891,"ENST00000425241.6"
389.198457852288,12.150520353328,2.30227669139554,5.27761080965594,1.30879063052355e-07,5.16055190293807e-05,"ENST00000434031.6"
90.2161109155656,22.7602234956635,4.33086173217238,5.25535676343259,1.47737798312869e-07,5.54211675490477e-05,"ENST00000354811.5"
133.667135764695,23.306899192438,4.36522421777168,5.33922154503565,9.33465194685782e-08,4.67624564110137e-05,"ENST00000435706.6"
71.5713049814009,-9.50063098284254,2.39999732243769,-3.9586006592677,7.539016719954e-05,0.0130111867155014,"ENST00000417874.6"
126.670784305937,23.2308658919566,4.36019842751057,5.32793777122207,9.93341428808088e-08,4.67624564110137e-05,"ENST00000454389.6"
52.5916529034693,-9.05548274879629,2.49001774701632,-3.63671413974743,0.000276138089436281,0.0345091753782456,"ENST00000440156.5"
86.7549728926518,-23.265662336003,4.32029551078968,-5.3852016089868,7.23634907067771e-08,4.47062999668686e-05,"ENST00000338970.10"
79.1540840289452,-23.1388166492202,4.31334527098315,-5.36447123880397,8.11866942653907e-08,4.47062999668686e-05,"ENST00000465449.5"
299.174126333529,24.4281802803591,4.36613897494595,5.5949158788885,2.20728764872376e-08,4.43178734655925e-05,"ENST00000678200.1"
57.5612270026177,-9.18610946894118,2.36023896105401,-3.89202518072109,9.94109241983713e-05,0.0165233191208364,"ENST00000429770.5"
45.002391133579,-8.83105717202987,2.37837190297823,-3.71306823839094,0.00020476164862013,0.027583589767608,"ENST00000416658.5"
92.3417629743103,-23.3511656580142,4.29179700252576,-5.44088307165316,5.30171051937199e-08,4.43178734655925e-05,"ENST00000493452.5"
189.610187434624,11.1130301190554,2.31201642062074,4.80663978851487,1.53488174651789e-06,0.000450612918832336,"ENST00000490574.6"
123.797582637129,-10.2910667434366,2.37251605562148,-4.33761732362266,1.44035652007173e-05,0.00339766894575349,"ENST00000675499.1"
54.3153132338631,-9.10201868480394,2.48807870177529,-3.65825191876346,0.000253941379920497,0.0325063019002969,"ENST00000314400.10"
88.743194818985,22.7387133480734,4.32956201453774,5.25196619697827,1.50484084374553e-07,5.56780805056781e-05,"ENST00000614479.5"
108.491155236828,10.306839151849,2.58964147704398,3.98002551442529,6.89078720982404e-05,0.0121644913165845,"ENST00000393304.5"
55.8892194189593,-9.14388800826621,2.42130847257212,-3.77642423997005,0.000159095920972542,0.0234814277459446,"ENST00000417226.6"
79.7403143357579,-23.1531344677369,4.28002228525748,-5.40958269013873,6.31717776495423e-08,4.43178734655925e-05,"ENST00000428331.6"
78.9629324279755,9.84953696810029,2.35281845853314,4.18627154695181,2.8357406962244e-05,0.00580770583248467,"ENST00000469044.6"
98.8993977455276,-9.96713873592146,2.37337892166716,-4.1995564403682,2.67438362976209e-05,0.00559951663938442,"ENST00000488497.7"
97.9658721454168,-9.95303345194178,2.66556299887058,-3.73393292755001,0.000188512716699214,0.026268459892941,"ENST00000676866.1"
79.905698239501,21.8809014936725,4.32159742587462,5.06315126963594,4.12382377050849e-07,0.000128765801305837,"ENST00000392692.8"
56.9750564192432,-9.17147069840752,2.36676606323762,-3.87510656032537,0.000106578050281065,0.0172890081025011,"ENST00000704384.1"
157.608263880114,10.8459955266893,2.38665278944093,4.54443795707292,5.50820278450249e-06,0.00142689175872013,"ENST00000435046.7"
138.909270183675,22.1424696671594,4.2819315217829,5.17114053658189,2.32669494584169e-07,7.48129370710848e-05,"ENST00000413967.5"
55.1997433421141,-9.12550177015646,2.39062433857372,-3.8172044109619,0.00013497234216079,0.0204231679304866,"ENST00000443489.5"
82.942306845842,-9.71339170860278,2.45933106995488,-3.94960720305988,7.82795459749063e-05,0.0133393778991119,"ENST00000468362.5"
93.5695629083888,-23.3698064715952,4.32634200886527,-5.40174734769171,6.59948586120118e-08,4.47062999668686e-05,"ENST00000169298.8"
221.67387253539,23.9969864832624,4.41602392926164,5.43407075406739,5.50827227406241e-08,4.43178734655925e-05,"ENST00000414139.6"
35.6287763093379,-8.49414466089507,2.40157833017528,-3.53690094308734,0.000404851478982592,0.0447232557119849,"ENST00000428425.1"
219.600761035761,-11.1176978881593,2.65588292726357,-4.18606474480944,2.83832418181742e-05,0.00580770583248467,"ENST00000382891.9"
121.14734894376,23.1696827483544,4.35609997713608,5.3189051835278,1.04393517693969e-07,4.68540437923965e-05,"ENST00000435136.8"
55.9369765599431,-9.14454214723375,2.4332612502106,-3.75814234761774,0.00017117949496737,0.0247907376371109,"ENST00000381795.10"
76.2139719343437,22.5262182922421,4.22693406583729,5.32920976324244,9.86410172097699e-08,4.67624564110137e-05,"ENST00000329043.7"
54.5364412313459,9.3150822199423,2.36702705213241,3.93535097604843,8.30752004343929e-05,0.0140238726633296,"ENST00000513376.5"
33.7712700129963,8.62307472028874,2.42566985550982,3.55492512746603,0.000378086737982933,0.0433627760065818,"ENST00000503808.5"
469.739338833798,-12.2147149825509,2.82131788730809,-4.32943591273417,1.49491765631776e-05,0.00351104160333171,"ENST00000399688.7"
86.7938035139184,22.6891146455388,4.23753478689397,5.35431938298481,8.58790546147155e-08,4.54813789336502e-05,"ENST00000508798.5"
57.9589489837528,9.40241855335411,2.39773193630167,3.92138020560241,8.80432161438179e-05,0.0148162196039654,"ENST00000645843.2"
39.8443158636517,-8.65507543927671,2.43597450786651,-3.55302381503863,0.000380829986493734,0.0434009600008545,"ENST00000512960.5"
77.1102483369183,-9.60790458611275,2.34659075881874,-4.09440996475642,4.23244841267002e-05,0.0081075400994334,"ENST00000651943.2"
166.695355769567,-24.1550400467908,4.37962562625359,-5.51532073928736,3.48144443542863e-08,4.43178734655925e-05,"ENST00000691494.1"
45.7907646847731,9.06240767002781,2.40411711282356,3.76953669257164,0.000163550864318869,0.0240077558142418,"ENST00000503151.5"
46.4729918252045,-8.87755680249767,2.38245336281543,-3.72622479879596,0.00019436907047134,0.0269221097892085,"ENST00000513250.1"
53.3883002178175,-9.07794445973053,2.49145338303042,-3.64363408184214,0.000268815514796899,0.0338488235287033,"ENST00000505059.7"
83.3081846212366,9.92624869626776,2.35091585904198,4.22229007392583,2.41832600238756e-05,0.00516346056612543,"ENST00000505818.1"
36.3016400021861,8.72701804515935,2.44076464464397,3.57552624515025,0.00034952410751641,0.0411335697725138,"ENST00000514429.5"
78.0708341452559,-9.62549534101879,2.57583955753844,-3.73683807784102,0.000186348840437855,0.0260786995119494,"ENST00000416547.6"
49.1590491696298,9.16450511184854,2.43963111692713,3.75651263351315,0.00017229757733465,0.0248776717515891,"ENST00000509734.5"
89.7326456193559,22.7501254477282,4.24038721792054,5.36510565629069,8.09018480721166e-08,4.47062999668686e-05,"ENST00000698490.1"
66.504358962314,9.60199132217448,2.37315588694529,4.04608537306586,5.20812455297213e-05,0.00980270662811852,"ENST00000328236.10"
39.9017466251919,8.86564087899657,2.44380811319106,3.62779746541558,0.000285849351565959,0.0350938548232763,"ENST00000513541.5"
138.085884054437,23.3517126960295,4.36830669944099,5.34571272182371,9.00619556604981e-08,4.67624564110137e-05,"ENST00000618441.5"
137.418578341645,10.6479959816371,2.55627857076895,4.16542864435706,3.10768114539555e-05,0.00626394879825083,"ENST00000445265.6"
79.4213578781243,-9.65024728599183,2.56308481052908,-3.76509089607527,0.000166488506324986,0.0242810491625083,"ENST00000323668.11"
57.3301130623252,-9.18024875871813,2.36514714833255,-3.88147044685583,0.000103826770875488,0.0169991141940705,"ENST00000521308.5"
54.8784073388365,9.32327127837512,2.45473597407053,3.79807497704731,0.000145824217373363,0.0216408747205816,"ENST00000690816.1"
100.54504787882,10.1982524969218,2.36965837684415,4.3036804784087,1.67983884388164e-05,0.00387186998333484,"ENST00000421814.7"
62.7438350876153,-9.31068665468953,2.37959936748461,-3.91271185474028,9.12654104587993e-05,0.0152633628717458,"ENST00000515708.5"
31.1394435764299,8.50685215716802,2.41735526312661,3.51907404216841,0.000433055828993609,0.046844784686271,"ENST00000513162.5"
208.049398642019,23.9247971955337,4.40937497736886,5.42589308424161,5.76654708761855e-08,4.43178734655925e-05,"ENST00000442819.6"
41.9153013490627,-8.72891703080252,2.4607013622013,-3.54732888959503,0.00038915845049748,0.0436862357140733,"ENST00000518980.5"
56.8807909029942,-9.16860881277623,2.49297953669759,-3.67777138873821,0.000235280687284986,0.0305966997144923,"ENST00000511473.5"
66.3959124272135,9.59988934818302,2.40900024562645,3.98500970085481,6.74773689319099e-05,0.0119896172050412,"ENST00000537388.1"
65.6643693998284,-9.37614934084378,2.35122274229346,-3.98777588026303,6.66956249439561e-05,0.0119299038537999,"ENST00000537253.5"
39.6629343993189,8.8547956189079,2.43783903696355,3.63223144951235,0.000280980929150689,0.0347418361901045,"ENST00000508906.6"
93.5301721328721,21.968088741631,4.3337545699154,5.06906618435014,3.99772209674456e-07,0.000125554040665142,"ENST00000474839.5"
48.995856724822,-8.95348033741681,2.39866801603755,-3.73268842438955,0.00018944688080127,0.0263077919126062,"ENST00000418724.1"
51.8547352882118,9.24166810688254,2.42077185700016,3.81765348112353,0.00013472697362725,0.0204231679304866,"ENST00000431845.3"
46.9261797285679,-8.89159612582835,2.38725792249475,-3.72460639549847,0.000195620197402986,0.0269571618456936,"ENST00000339717.11"
48.7978102332086,9.15361886938224,2.49015178726444,3.67592807643183,0.000236986288795337,0.0305966997144923,"ENST00000244741.10"
45.8661541707921,-8.85824362162581,2.4024308026323,-3.68720031891032,0.000226734869083217,0.0298004644598694,"ENST00000372922.8"
132.004538407069,10.5902915265252,2.35433685680686,4.49820572443003,6.85293687839585e-06,0.00173877908826084,"ENST00000472118.5"
59.5429579421754,9.44166810671143,2.3668735732148,3.98908848092266,6.63276793622232e-05,0.0119068441706377,"ENST00000690231.1"
42.8655685527409,-8.76088821278942,2.38280914940781,-3.67670579700718,0.000236265260461734,0.0305966997144923,"ENST00000365328.1"
41.1621134125542,8.90981788617255,2.39462269715978,3.7207606428939,0.000198623627129563,0.0271631638326882,"ENST00000649673.1"
194.424924748648,23.8294062494631,4.40234902717813,5.41288437203663,6.20175402200094e-08,4.43178734655925e-05,"ENST00000700118.1"
86.1655916499688,22.6950019685939,4.32726761069984,5.2446495133504,1.56579688719704e-07,5.63885213663313e-05,"ENST00000369750.4"
82.4258689636461,-23.1964158787764,4.28258567411757,-5.41645109844909,6.0793607667725e-08,4.43178734655925e-05,"ENST00000676630.1"
35.0552533902717,8.67623343693156,2.48098884910692,3.49708683295966,0.000470368701280022,0.0497237707914784,"ENST00000686371.1"
82.5813629874116,9.91389393601948,2.33950403746245,4.23760496980062,2.25916805114591e-05,0.00488151995819403,"ENST00000316316.10"
82.0371798048339,-22.9092111869779,4.31600466393136,-5.30796719902299,1.10854584366077e-07,4.75258237529454e-05,"ENST00000527411.5"
59.8596100255118,9.45022527414819,2.38476066155036,3.96275627425206,7.40894081689308e-05,0.0129097211959808,"ENST00000477460.6"
73.8282045209961,-9.5454392410179,2.41550829104325,-3.95173110206766,7.75878945354224e-05,0.0133054618251079,"ENST00000353331.8"
45.6931458378619,-8.85298984617931,2.3775036707364,-3.72364928607543,0.000196363659700268,0.0269907596268417,"ENST00000529824.6"
93.0208607230578,-9.87852143890186,2.34278860691057,-4.2165654253922,2.48051343590989e-05,0.00527538800371718,"ENST00000258711.7"
90.1821093694465,10.0409225873374,2.3353706082066,4.29949856868677,1.71184981417838e-05,0.0039183226742416,"ENST00000618655.2"
95.5217799241996,-9.91676142325185,2.35430546362375,-4.21218128933362,2.52916425876439e-05,0.00535776172918405,"ENST00000403527.6"
90.5843399397108,22.7673674182281,4.33118526115361,5.25661361623769,1.46732140746437e-07,5.54211675490477e-05,"ENST00000389266.8"
33.9361016546415,-8.42380118595135,2.40710701619095,-3.49955408267694,0.000466037054365511,0.0494394902514156,"ENST00000672717.1"
36.7546389625408,-8.53865278356785,2.43104205153108,-3.51234269197037,0.000444174863499001,0.0473252109494133,"ENST00000700486.1"
126.302555281792,23.2276967037347,4.35992884431119,5.32754031847151,9.95516852823371e-08,4.67624564110137e-05,"ENST00000698947.1"
78.8010111670655,22.5741944672497,4.32058445244033,5.22480111562208,1.74342398048794e-07,5.84956645975019e-05,"ENST00000427217.6"
161.75302104896,-24.1143392201611,4.34457088975011,-5.55045361949386,2.84929298654319e-08,4.43178734655925e-05,"ENST00000620510.1"
78.6298847969654,-23.1339571134138,4.31285894265234,-5.36394939436316,8.14217242023973e-08,4.47062999668686e-05,"ENST00000453269.7"
72.1213156558888,-9.51139265594049,2.35182673160227,-4.04425739708321,5.24892282867771e-05,0.00983372735735556,"ENST00000347053.8"
537.937250078532,-25.7529923089089,4.4773086839242,-5.7518911754678,8.8250603286157e-09,4.43178734655925e-05,"ENST00000679511.1"
132.418501267411,-23.8422285908947,4.32458612092497,-5.51318159107333,3.52404296607452e-08,4.43178734655925e-05,"ENST00000378576.9"
34.5007379735627,8.65452146131459,2.40624451374882,3.59669244412374,0.00032228916743592,0.0386025244694478,"ENST00000443720.6"
222.901034114722,-24.5516631040538,4.37840521207718,-5.60744424392965,2.05336129595154e-08,4.43178734655925e-05,"ENST00000469123.5"
132.621216071552,10.5973456701599,2.3215482883544,4.56477503540177,5.00030256718803e-06,0.00133059775555138,"ENST00000665936.1"
440.207427212845,-12.1211316314635,2.30141117069008,-5.26682575709798,1.38802835488997e-07,5.35570740734294e-05,"ENST00000663044.1"
48.7582899239024,-8.94653909972239,2.38385588053619,-3.75296978847147,0.00017475192272973,0.0248776717515891,"ENST00000473186.5"
46.8788252550194,9.09589358278266,2.45082281110858,3.71136319670059,0.000206146069991482,0.0277010063553976,"ENST00000403422.7"
180.074093140586,-10.8314405469268,2.40289136693529,-4.50766967494729,6.55435115360228e-06,0.00168599759507829,"ENST00000356537.9"
88.7607702136746,10.017603418117,2.36283835602605,4.23964821485508,2.23870340895215e-05,0.00485672768868217,"ENST00000518174.5"
43.9294598545491,-8.79618135112728,2.38154999343294,-3.69346911691232,0.000221215386875648,0.0292171980039991,"ENST00000617782.4"
38.5652374146073,8.81390797917068,2.48980221476129,3.5400032689005,0.000400122075950868,0.0445653493212163,"ENST00000434581.7"
115.685430124416,-23.6533506393407,4.3117453022095,-5.4857949580695,4.11614117613615e-08,4.43178734655925e-05,"ENST00000519728.6"
47.2689734348367,9.11030742719948,2.50572036997901,3.63580371391393,0.000277115285485033,0.0345091753782456,"ENST00000345714.8"
84.2850990906456,-23.2251830571088,4.28434412665119,-5.42094247580025,5.92856366908918e-08,4.43178734655925e-05,"ENST00000426744.5"
74.6465894781104,21.2894655224003,4.22532448963862,5.03853977951434,4.69096932548452e-07,0.000145633029881235,"ENST00000455036.8"
123.328931757636,-23.7454141072507,4.31775363353847,-5.499483324571,3.80905726108899e-08,4.43178734655925e-05,"ENST00000677380.1"
126.036372360562,-10.3166543426026,2.40498339728423,-4.28969877889902,1.78915615354439e-05,0.00401896171943152,"ENST00000318607.10"
44.0120982769818,-8.79927017898403,2.43286350495976,-3.61683676911812,0.000298225235829247,0.0361206928570854,"ENST00000523924.5"
111.088231585534,23.0533362227673,4.259822473023,5.41180679917101,6.23919851151311e-08,4.43178734655925e-05,"ENST00000614134.1"
129.616616499098,23.2631264475324,4.36233667961369,5.332721464679,9.67516598208452e-08,4.67624564110137e-05,"ENST00000320476.7"
80.6421562877913,22.6045181863367,4.32227152103514,5.22977746222734,1.69714208705381e-07,5.80581091320617e-05,"ENST00000453551.6"
229.016734213381,11.3851622719196,2.41819879585117,4.70811675675828,2.50015890351042e-06,0.00071458245401444,"ENST00000313352.11"
287.988153461521,-11.5089076966502,2.36219269723734,-4.87212906470763,1.10402005005055e-06,0.000329492039136358,"ENST00000349157.10"
37.2602837741602,8.76648502635838,2.41790617276868,3.62565145210747,0.000288233907591175,0.035226487452868,"ENST00000442628.7"
50.8069178100679,9.2129774712101,2.37020066425587,3.88700315975252,0.000101489433529437,0.0167656199077267,"ENST00000446747.7"
99.3357544601663,-23.4503308308735,4.3313084341513,-5.41414475265106,6.15823339294618e-08,4.43178734655925e-05,"ENST00000530455.5"
119.255325275398,-23.6991541999465,4.34738142878522,-5.45136298439972,4.99852257948662e-08,4.43178734655925e-05,"ENST00000639364.1"
67.5687994129363,-9.41767657853786,2.44788292042097,-3.84727410774952,0.000119439315544007,0.0187148048405934,"ENST00000651105.1"
73.3078710330488,-9.53507527744754,2.3497100021952,-4.05797960962819,4.94990884705079e-05,0.00941511007073368,"ENST00000540109.5"
53.7717554200023,-9.08783763638782,2.36614042067487,-3.84078542295295,0.000122641283270217,0.0190372398878559,"ENST00000379186.8"
70.2312360568505,9.6799960068472,2.35175738630126,4.11606914183928,3.85388737869205e-05,0.00751563690648252,"ENST00000297661.9"
43.8744260333253,9.00237064873329,2.42295328923384,3.71545365267025,0.000202839444348578,0.0275103658016423,"ENST00000425676.5"
171.960662000435,-10.7650986786327,2.33383243369137,-4.61262707777429,3.9761130159062e-06,0.00109028248226516,"ENST00000376083.7"
210.728091255867,-24.4750811645614,4.40375928080784,-5.55776998784358,2.73243129907817e-08,4.43178734655925e-05,"ENST00000682578.1"
89.9260394504767,-9.83000943553253,2.46722079801311,-3.98424390855037,6.7695315491541e-05,0.0119896172050412,"ENST00000680221.1"
117.54045258379,10.4234352748756,2.34804245466229,4.43920221892869,9.02929491648163e-06,0.00223740129400652,"ENST00000622639.4"
147.981758636815,-10.5484131821451,2.32139668859648,-4.54399424017558,5.51981666354977e-06,0.00142689175872013,"ENST00000613183.1"
165.646957305607,-24.1466464840853,4.37899131744279,-5.51420286856981,3.50364278131597e-08,4.43178734655925e-05,"ENST00000470972.5"
43.0767546297609,8.9765088147171,2.53489016819468,3.54118254405873,0.000398337884208797,0.044458293733626,"ENST00000688949.1"
90.1182496874309,10.0397472301647,2.33901515215463,4.29229679034633,1.76834364163412e-05,0.00401361996543839,"ENST00000319119.5"
86.9020496982591,22.706863514609,4.32792569061108,5.24659274161496,1.54937871786264e-07,5.61717375571958e-05,"ENST00000373141.5"
110.304540357418,23.042247383457,4.25914909190636,5.41005888411938,6.30040294082742e-08,4.43178734655925e-05,"ENST00000298552.9"
106.936643323873,-23.5510359349316,4.33763890715238,-5.42945976810057,5.65248931974385e-08,4.43178734655925e-05,"ENST00000475903.7"
47.1185466433791,-8.89688605641593,2.51429875258775,-3.53851587734319,0.000402383081797178,0.0446331246316258,"ENST00000372047.7"
64.8483635035992,-9.35780187678991,2.46008269411487,-3.80385663424084,0.000142460648814964,0.0212585132274462,"ENST00000679595.1"
100.894752615775,22.9130822149508,4.34002311798316,5.27948390873979,1.29548254962716e-07,5.14563763590513e-05,"ENST00000680133.1"
49.0366224590816,9.16205258692575,2.37291891075276,3.86108962485332,0.00011288248349867,0.017987607304173,"ENST00000684645.1"
37.4324879455697,-8.56546201589527,2.40058033891097,-3.56807971683257,0.000359607106640109,0.0420467885142685,"ENST00000683979.1"
181.905137927712,23.7356490407506,4.39552551312282,5.39995706312885,6.6656848681296e-08,4.47062999668686e-05,"ENST00000695737.1"
79.1692401912107,22.5785412126278,4.32092263444951,5.22539816672843,1.73780742263328e-07,5.84956645975019e-05,"ENST00000699050.1"
57.8032692688261,9.3988262401442,2.3718518286947,3.96265320052335,7.4121413230358e-05,0.0129097211959808,"ENST00000460820.6"
98.3513513436382,10.1656522439716,2.36010926804807,4.30728033722741,1.65274091125217e-05,0.0038317343899112,"ENST00000376016.8"
83.7053515061791,-9.72637088354185,2.3384743639859,-4.15928052636992,3.19251612841826e-05,0.00638727884226022,"ENST00000613434.4"
59.6470607162934,9.44483147083046,2.36530171449596,3.99307682945774,6.52214240881354e-05,0.0117832645746387,"ENST00000676964.1"
59.7729266561046,-9.24021389336532,2.45376822281103,-3.76572400256278,0.000166067159565479,0.0242810491625083,"ENST00000690393.1"
44.5362975089615,-8.81633508229118,2.42696588137707,-3.63265719965077,0.000280517575411678,0.0347418361901045,"ENST00000688541.1"
109.033440251792,-23.5778412379761,4.33934196100227,-5.43350615136362,5.52573778829471e-08,4.43178734655925e-05,"ENST00000374176.8"
37.9398722281589,8.7911224466075,2.41064713700659,3.64678940839257,0.000265537373174002,0.0335141667324449,"ENST00000470050.2"
53.9318580316784,-9.09223200051784,2.36567813394417,-3.84339351581986,0.000121344662680743,0.018890251681127,"ENST00000687698.1"
106.674543707883,-23.5476835691591,4.33742471491475,-5.42895499446654,5.66849747185571e-08,4.43178734655925e-05,"ENST00000345254.9"
87.2791721246316,-23.2432568988357,4.32076714698676,-5.37942826079976,7.47227629671399e-08,4.47062999668686e-05,"ENST00000671730.1"
75.9453015725743,9.79204384885955,2.55187831655414,3.83719074116432,0.00012444980908785,0.0192606812093844,"ENST00000677096.1"
47.2709177669905,-8.90242126130112,2.50185307019601,-3.55833096969345,0.000373218849444395,0.0429870128531701,"ENST00000683895.1"
102.367668712356,22.8362073815243,4.3412496194877,5.26028433818075,1.43832810669195e-07,5.51042879399948e-05,"ENST00000529379.2"
91.3207979880011,22.7772984291527,4.33183095116224,5.25812264743191,1.45533450202202e-07,5.53631792005125e-05,"ENST00000700601.1"
42.9546598358006,-8.7640994601186,2.40759095161165,-3.64019454976431,0.000272432118810876,0.0341450362553241,"ENST00000527337.1"
32.4872866357208,8.56806165319094,2.41259357805176,3.55139039212311,0.000383201563946776,0.0434877421908422,"ENST00000265651.8"
33.6322168002587,8.6187698660786,2.42937915885913,3.5477252839059,0.000388573282350344,0.0436862357140733,"ENST00000527213.5"
33.4808808463145,8.61024408125095,2.44924352569001,3.5154707937118,0.000438975040416973,0.0469564212045237,"ENST00000526508.5"
59.1777160955084,-9.22580076564081,2.43448586510372,-3.78963003970769,0.000150871815074729,0.0223286152836214,"ENST00000395288.6"
82.4833014085171,22.6032991172389,4.32394838052761,5.22746738120885,1.71847703628779e-07,5.83839063039183e-05,"ENST00000453848.7"
628.626364051065,-25.9747703606354,4.49516010780389,-5.77838602801745,7.54206067902843e-09,4.43178734655925e-05,"ENST00000679588.1"
111.20516529184,23.0205216548134,4.34841844734741,5.29399871092356,1.19670276376217e-07,4.93486918359925e-05,"ENST00000530019.5"
53.3512679747056,9.2827284362253,2.42001687022433,3.83581145670476,0.000125150393463299,0.0192606812093844,"ENST00000360796.10"
152.815045020244,22.2312865566938,4.37810115690435,5.07783757386114,3.81754831232556e-07,0.000120596574434804,"ENST00000664307.1"
115.363886550187,-10.1890489879485,2.35781255245519,-4.32139907701257,1.55042964215752e-05,0.00362565622682716,"ENST00000527548.5"
97.7115338792108,-9.94939794980909,2.39363029410741,-4.1566143168819,3.22998585638354e-05,0.00642306930021351,"ENST00000703425.1"
76.4098947413729,22.5282997163574,4.22713466799445,5.32944925718344,9.85110384728921e-08,4.67624564110137e-05,"ENST00000710862.1"
32.0648343440255,8.54979934228126,2.42795525229688,3.52139905963795,0.000429276065809758,0.0466580760542803,"ENST00000524628.1"
71.1723569413675,-9.49269260161287,2.69950944783178,-3.51645096453999,0.000437357437259281,0.0469148694865473,"ENST00000415352.6"
101.622523142101,10.2125510739408,2.46548780069253,4.14220304439235,3.43985599648861e-05,0.00673252105341732,"ENST00000346329.7"
69.5610122199469,-9.45951980254604,2.39318561675232,-3.95268956002799,7.72776667134357e-05,0.0132944658541181,"ENST00000681291.1"
73.134178831168,9.7377593447131,2.45825182129926,3.96125379033235,7.45572350591669e-05,0.0129097211959808,"ENST00000329143.4"
36.1862033793617,8.72392008455029,2.40546090268303,3.62671456219458,0.000287050306510658,0.0351613843705199,"ENST00000612684.4"
41.8016772509326,-8.72471269656274,2.38930907380342,-3.65156303645318,0.000260649102063151,0.033207556236673,"ENST00000527633.6"
212.932119144728,-11.0733273628922,2.31601805834043,-4.78119215133708,1.74258698881653e-06,0.00050338399224,"ENST00000537274.5"
130.559271140412,-23.8233206722927,4.32321523271728,-5.51055623879243,3.57701496493812e-08,4.43178734655925e-05,"ENST00000531904.7"
317.112096499264,11.855049874073,2.31112698689968,5.1295536512151,2.90429990196264e-07,9.22866920024234e-05,"ENST00000694932.1"
120.779119919614,22.6393258206603,4.35582267223185,5.197485647197,2.02002131378567e-07,6.61330493026596e-05,"ENST00000694935.1"
90.2932022312884,10.042878659923,2.34139572793388,4.28927008796807,1.79261272376896e-05,0.00401896171943152,"ENST00000532519.7"
130.082907102138,10.5690281422657,2.38662813925119,4.428435233979,9.49192120900573e-06,0.00233065496267855,"ENST00000694937.1"
51.526749356169,9.23288098356966,2.38439052963599,3.87221844274779,0.00010784922714847,0.0174331026177736,"ENST00000531346.1"
236.771262525342,24.1014330375007,4.42299435636818,5.4491213634039,5.06192644229665e-08,4.43178734655925e-05,"ENST00000532636.5"
81.0103853119365,22.6058069183749,4.32260774677303,5.22966881166835,1.69813977357332e-07,5.80581091320617e-05,"ENST00000534567.5"
119.904757901847,23.1567398784626,4.2671984780926,5.42668450913338,5.74104743616903e-08,4.43178734655925e-05,"ENST00000543086.7"
148.247723996837,-10.5509539095915,2.31943838119393,-4.54892615175248,5.39203594725914e-06,0.00141394363997569,"ENST00000538814.5"
262.885914837854,-24.7700884790173,4.4273484314849,-5.59479084656311,2.20887888996071e-08,4.43178734655925e-05,"ENST00000646806.1"
131.072357902509,23.2817092012272,4.27603937830159,5.44469008385852,5.18956598835943e-08,4.43178734655925e-05,"ENST00000645645.1"
82.8673999114741,-9.71171425576971,2.36357624408732,-4.10890669597156,3.97536635438182e-05,0.0076969646988298,"ENST00000352940.8"
90.6864671325001,-23.3265309966735,4.32380670455871,-5.39490606092074,6.85594119346842e-08,4.47062999668686e-05,"ENST00000541490.5"
32.3219705063287,8.56000733044416,2.42141388221327,3.53512771745571,0.000407578110689115,0.0448410630576686,"ENST00000381054.3"
33.7878965151855,8.62457509364061,2.40771350483242,3.58206035574024,0.000340895005670414,0.0403833493669081,"ENST00000551295.7"
41.3239565324989,-8.70797942491244,2.38664077088847,-3.64863431947102,0.000263638053357446,0.0335093270689786,"ENST00000347616.5"
42.4058536977272,8.9515799700166,2.4095740277685,3.71500516973393,0.000203199540066556,0.0275103658016423,"ENST00000639589.1"
47.9009797473164,-8.92100813403455,2.37726780483923,-3.75263069473062,0.000174988549893358,0.0248776717515891,"ENST00000640840.1"
42.7058792788743,8.96296873243014,2.39301466478335,3.74547171161678,0.000180055136263347,0.02539529609872,"ENST00000552909.5"
72.7617261025933,-9.52437692940612,2.3739231284234,-4.01208312744801,6.01852980025546e-05,0.0109836135567568,"ENST00000547368.5"
51.6142657681262,-9.02839129664154,2.51241171162507,-3.59351584569785,0.000326245798732696,0.03898998186226,"ENST00000679228.1"
69.6901291559257,-9.46226933437113,2.45042529122004,-3.86148044107885,0.000112702035904249,0.017987607304173,"ENST00000549505.5"
86.0268095137636,-9.76589960479771,2.34504921953786,-4.16447532249334,3.12069376368365e-05,0.00626679391897498,"ENST00000394023.7"
71.6061564011307,-9.50110902664093,2.34654941324346,-4.04897036176548,5.14434583815106e-05,0.0097165181059819,"ENST00000257931.9"
34.9870499472736,8.67510994933916,2.40522963101109,3.60676994723884,0.00031003230095217,0.0373895296728949,"ENST00000549787.5"
50.8305343999811,9.2136909116118,2.36967923660385,3.88815953201184,0.000101007231404117,0.0167371461141686,"ENST00000551632.1"
56.8885522527781,-9.16934307887934,2.3791166832824,-3.85409557392058,0.000116158216980445,0.0183655051623872,"ENST00000435406.6"
45.8067699359919,-8.85684414762745,2.40514975889192,-3.68245017379205,0.000231003027168046,0.0302144128924714,"ENST00000547379.6"
35.5844547828264,8.70080530063109,2.48618899885382,3.49965561936052,0.000465859590498464,0.0494394902514156,"ENST00000261187.8"
76.8481785826475,-23.1030554917078,4.2772332641861,-5.40140180923801,6.61221296943037e-08,4.47062999668686e-05,"ENST00000550389.5"
71.8140460155097,-9.50563113614201,2.56839890217124,-3.70099486030237,0.000214755826702615,0.0286385472318077,"ENST00000544816.5"
251.454339696333,-11.3132793358299,2.31304074615524,-4.89108518932708,1.0028154712344e-06,0.000300950494114505,"ENST00000550053.5"
40.517475397175,8.88582057188963,2.41439231254208,3.68035489747475,0.000232909565767262,0.0303901976646902,"ENST00000361006.9"
550.934933366002,25.1088390727311,4.43726750483327,5.65862640586384,1.52589308505827e-08,4.43178734655925e-05,"ENST00000351677.7"
147.912085659074,-23.9049216945584,4.33550923284961,-5.51375176725119,3.51263944132139e-08,4.43178734655925e-05,"ENST00000699982.1"
82.2875789522477,22.6343617811372,4.23308036527715,5.34701915106573,8.94145586467425e-08,4.67624564110137e-05,"ENST00000699984.1"
41.1509481995688,-8.70217267196879,2.40235298853268,-3.62235388117712,0.000291934370326971,0.0354627780842438,"ENST00000450791.8"
40.2270862304932,8.87518515634823,2.43646177366513,3.64265315067817,0.000269842331793544,0.0338990998166405,"ENST00000544426.5"
52.627812812356,-9.05681072140065,2.36789588449386,-3.82483485896026,0.000130859772916325,0.019912434008921,"ENST00000471658.5"
66.2712070542409,-9.38959230995138,2.37843744402449,-3.9477987253949,7.88730708147574e-05,0.0133982528690012,"ENST00000320220.13"
103.791447931994,-23.5102336739081,4.33504930398766,-5.42329095364194,5.85116353794495e-08,4.43178734655925e-05,"ENST00000682944.1"
36.8045784780863,8.74788617095435,2.39856311065255,3.64713612583427,0.00026517945462821,0.0335141667324449,"ENST00000683945.1"
42.5073101451037,8.95483202482725,2.42597887627061,3.69122423629396,0.000223177274203057,0.0294044223784755,"ENST00000688626.1"
172.16079026503,-10.7667884302587,2.3440753880821,-4.59319204706466,4.36516999552928e-06,0.00119091978782069,"ENST00000337343.9"
155.598407761514,10.8279694214906,2.32680849331595,4.65357138440713,3.26234589086739e-06,0.000903736731685976,"ENST00000261491.9"
36.257559662226,-8.51959263659247,2.42129564066456,-3.51860900152372,0.000433815561199608,0.046844784686271,"ENST00000403772.8"
93.5812497256433,-23.3693985299646,4.29291832883203,-5.44370909015701,5.2182415924093e-08,4.43178734655925e-05,"ENST00000652308.1"
48.4522989109611,-8.93784375693252,2.40270618636925,-3.71990708128928,0.000199296085368881,0.0271755424497261,"ENST00000639132.1"
85.5245858419786,-23.0597277095434,4.28550859517906,-5.38086138375367,7.4130261310863e-08,4.47062999668686e-05,"ENST00000554969.5"
345.020063178353,24.6304164083956,4.38258922269029,5.62006046126222,1.90890643308233e-08,4.43178734655925e-05,"ENST00000645929.1"
42.248412293669,-8.74027689175366,2.43544434388816,-3.58878120688232,0.000332227509526444,0.0395299511830595,"ENST00000613569.4"
51.699055573285,9.23767160046201,2.38599278196766,3.87162596227302,0.000108111763952575,0.0174331026177736,"ENST00000463622.6"
159.074938430712,23.5455752865861,4.38205378366141,5.37318263285045,7.73589040087002e-08,4.47062999668686e-05,"ENST00000540871.5"
79.5314280201323,9.85930424534318,2.35307391000032,4.18996794084629,2.78993869635336e-05,0.00579652686301202,"ENST00000424478.5"
51.7808212404293,-9.03302783101567,2.52714697672538,-3.57439749813067,0.000351035296194466,0.0411335697725138,"ENST00000554429.5"
79.9403828769148,-23.150530871179,4.31407319566114,-5.36628142852619,8.03764965297609e-08,4.47062999668686e-05,"ENST00000530997.7"
73.9843760680417,9.7550837578316,2.35023259848135,4.15068864423676,3.3147643406502e-05,0.0065350457999118,"ENST00000358664.9"
74.8425122851396,22.4966886376078,4.22552596624396,5.32399725319993,1.01511439735405e-07,4.6763578119005e-05,"ENST00000678380.1"
163.612251175959,-24.1295849894445,4.34574219034687,-5.5524658234543,2.81667797949217e-08,4.43178734655925e-05,"ENST00000529720.2"
144.982877201579,23.4200512764409,4.28633230086841,5.46389071880778,4.65810360544119e-08,4.43178734655925e-05,"ENST00000526495.6"
101.08912183882,-9.9983310739138,2.576432958826,-3.8806874596379,0.000104161624580932,0.0169991141940705,"ENST00000681822.1"
79.5174478446845,9.8593290086258,2.34139106139512,4.21088521741904,2.54371973356303e-05,0.00536754672997428,"ENST00000561325.5"
137.823655589411,10.6528250500807,2.3199987153649,4.5917374779258,4.39571082352775e-06,0.00119322564309621,"ENST00000557575.5"
59.9394821284078,-9.24421697431991,2.46380548610764,-3.75200762659396,0.000175424126409297,0.0248776717515891,"ENST00000554913.5"
55.6218554748507,9.34251366723847,2.51073315617583,3.72103010798181,0.000198411778585244,0.0271631638326882,"ENST00000555055.6"
37.9476472003278,-8.58498040790749,2.39597725651818,-3.5830809263954,0.000339565349782947,0.0403142431426923,"ENST00000693530.1"
35.6842948001056,-8.49637428391508,2.40095151237619,-3.53875296528015,0.000402021883075005,0.0446331246316258,"ENST00000688694.1"
102.32991707931,-10.0161051714499,2.34686181671219,-4.26787171708382,1.97346753677157e-05,0.00435121399464749,"ENST00000412359.7"
148.925498123057,10.7640250883919,2.68128353068867,4.01450460765977,5.95707800931039e-05,0.0109083185418623,"ENST00000450115.6"
134.071150269189,-23.8071948395136,4.32579348641089,-5.50354401205278,3.72231549774305e-08,4.43178734655925e-05,"ENST00000559511.6"
80.2024824929047,-23.1527105638221,4.31431540238075,-5.36648538747209,8.02857016820534e-08,4.47062999668686e-05,"ENST00000427534.6"
153.872699263613,10.8118002323471,2.31885269032112,4.66256449901948,3.12293164067955e-06,0.000869575486071486,"ENST00000261847.7"
116.385194944201,-10.2019950731671,2.37085791714339,-4.3030815973398,1.6843878007436e-05,0.00387186998333484,"ENST00000356338.11"
82.4283295992263,9.9117536000331,2.3868795148672,4.15259904754118,3.28720400448383e-05,0.00650444956476967,"ENST00000399233.7"
83.2224057835489,9.92407448619045,2.67449709245751,3.71063199663887,0.000206742462924942,0.0277122111780209,"ENST00000673997.1"
151.217383662629,-24.0244267086898,4.33772988120935,-5.53847919686318,3.0510948056582e-08,4.43178734655925e-05,"ENST00000421017.6"
39.4711792661264,-8.64152560477109,2.42902292201108,-3.55761385636347,0.00037423890688568,0.0430127904490586,"ENST00000558043.5"
130.484589481421,23.2728068355358,4.27558738547022,5.44318352950148,5.23366746573781e-08,4.43178734655925e-05,"ENST00000268043.8"
80.4681526364343,9.87572354973507,2.44599096641751,4.03751431846023,5.40205485784105e-05,0.0100625379781281,"ENST00000379983.6"
127.81685967088,-10.3370309323212,2.32247831857649,-4.4508621887403,8.55262158840978e-06,0.00212905099347607,"ENST00000560441.5"
49.9461239285001,-8.9809767440277,2.52026320484427,-3.56350746492077,0.000365932283571465,0.0423282570155182,"ENST00000440863.7"
45.0579096243467,-8.83282513613997,2.37821497151595,-3.71405665254459,0.000203963102102217,0.0275447070311492,"ENST00000394510.6"
69.9263874676883,-9.46668217469516,2.38983130542077,-3.96123448262739,7.45632650205671e-05,0.0129097211959808,"ENST00000674831.1"
105.313500905517,22.9758949893732,4.34367551247799,5.2895053793431,1.22647575318607e-07,4.94425326204168e-05,"ENST00000399932.8"
40.3310765593071,-8.67290734162952,2.38851120113589,-3.63109343489995,0.000282222979737803,0.0348068564896265,"ENST00000648346.1"
59.1152129969971,9.43031749513694,2.59862275160516,3.62896749415122,0.000284557064950534,0.0350147792518517,"ENST00000464728.5"
55.6722898273586,-9.13757140904771,2.56167830422371,-3.56702533412631,0.000361056586017197,0.0421250879483002,"ENST00000358590.8"
55.5203990274742,9.33995315870242,2.48349850507812,3.76080482416422,0.000169367544799226,0.0245942618347026,"ENST00000640028.1"
335.088411972101,23.812810327922,4.46058743841526,5.33849199386665,9.37228446150541e-08,4.67624564110137e-05,"ENST00000527302.1"
38.5984904189858,8.81623530690347,2.39860726176725,3.67556433578369,0.00023732422259524,0.0305966997144923,"ENST00000571804.5"
84.6926755533881,22.6736312593859,4.32594554499125,5.24131222262804,1.594386735963e-07,5.65651827926937e-05,"ENST00000610831.4"
49.1404664986494,-8.95789261077659,2.37316427978117,-3.77466182476108,0.000160224871193944,0.0235836166676449,"ENST00000618335.4"
33.3321912191116,8.60395770208314,2.43980928661126,3.5264878075915,0.000421110554037652,0.0459506223863176,"ENST00000452191.6"
80.7266817248845,-23.1697108872547,4.31479923673525,-5.36982362701672,7.88136836058538e-08,4.47062999668686e-05,"ENST00000622306.5"
87.2791721246316,-23.2432568988357,4.32076714698676,-5.37942826079976,7.47227629671399e-08,4.47062999668686e-05,"ENST00000563898.5"
34.4465147060125,8.65276126222419,2.40872297927363,3.59226085219377,0.000327821454838116,0.0390918039048569,"ENST00000478356.5"
42.382237107814,8.95072114301025,2.41372009963575,3.70826805658244,0.000208681684979456,0.0279029107448149,"ENST00000699276.1"
90.5163368474725,21.878573943075,4.24114050255364,5.15865341643401,2.48732251424391e-07,7.95045413591373e-05,"ENST00000564845.5"
71.7391390811418,-9.50368465454679,2.36098288439961,-4.02530857692497,5.69006512137917e-05,0.0105625988931884,"ENST00000394391.9"
220.678926271419,-11.124936035364,2.31525169863239,-4.80506548896411,1.54700859816319e-06,0.000450679566902583,"ENST00000219343.11"
222.491966011145,11.3438097647427,2.31226727339525,4.90592497470496,9.29880666900974e-07,0.000282197886209684,"ENST00000566454.5"
124.233969213487,-10.2960088216041,2.3236935554775,-4.43088065435044,9.38490223633938e-06,0.00231489969819551,"ENST00000306585.9"
118.569745774743,23.1420793633521,4.35414660943374,5.31495180093665,1.06685562236709e-07,4.68540437923965e-05,"ENST00000674691.1"
161.014145130332,10.8767734899756,2.43347498963381,4.46964671357165,7.83489014145924e-06,0.00195941171551614,"ENST00000675035.1"
146.155567366253,10.7372415054513,2.34989905881429,4.56923520403005,4.89507194353097e-06,0.00131555667322189,"ENST00000433976.7"
35.0645514244391,-8.47107701050075,2.40247350590961,-3.52598144773026,0.000421916523882588,0.0459506223863176,"ENST00000562256.5"
32.7610493002134,8.57972920087815,2.41394004761403,3.55424286918744,0.000379068980995955,0.04338332051784,"ENST00000574563.5"
119.306203823034,23.1506701131208,4.35470739967386,5.31624010257373,1.05933348130939e-07,4.68540437923965e-05,"ENST00000570628.6"
91.9969652124495,-23.3472981664232,4.3249633472543,-5.39826497749287,6.72884382773924e-08,4.47062999668686e-05,"ENST00000651024.2"
83.5879884809526,22.6541818125644,4.32494897294354,5.23802291178155,1.62305917045253e-07,5.65651827926937e-05,"ENST00000583389.5"
121.352122203317,-23.7226054592707,4.3489778001551,-5.45475432374582,4.90406000203453e-08,4.43178734655925e-05,"ENST00000445888.6"
303.412228724411,11.7911248337685,2.34720820552314,5.02346779719975,5.0746736925254e-07,0.000156645027540874,"ENST00000269305.9"
47.2846510445255,9.10791804887004,2.57779265637602,3.53322367737457,0.000410524984016094,0.0449820468794429,"ENST00000431639.6"
47.9603639821165,-8.92243135736439,2.52250077712326,-3.53713720855215,0.000404489470369188,0.0447232557119849,"ENST00000457584.6"
34.8077536424337,8.66840657173165,2.43119527758716,3.56549169523503,0.000363174662695892,0.0421899615143427,"ENST00000358181.8"
116.360371629872,22.852761900696,4.35245125476681,5.2505497621984,1.51645929351407e-07,5.57262684192767e-05,"ENST00000436068.2"
36.3905423422372,-8.52451029240302,2.40136552425767,-3.54985953045953,0.000385436755672122,0.0435583851561765,"ENST00000225609.10"
35.5887985438089,8.69851111349823,2.43339264077875,3.57464347007907,0.000350705464301659,0.0411335697725138,"ENST00000395844.8"
340.46740117086,-25.1260352701126,4.45563370113603,-5.63916088158376,1.70880826551222e-08,4.43178734655925e-05,"ENST00000487066.6"
89.4496272211999,-23.308345100415,4.28915393172735,-5.43425241234655,5.50266421079935e-08,4.43178734655925e-05,"ENST00000690854.1"
105.516446613264,-10.0605524876179,2.36262898155286,-4.25820243727203,2.06077293375005e-05,0.00450691874932163,"ENST00000268758.13"
91.7310297141463,-9.85852851013556,2.34487358205001,-4.20428998202825,2.61902990156159e-05,0.00550495627441462,"ENST00000577376.6"
83.9562175050978,22.6588830359653,4.32528163493201,5.23870696718723,1.61705559721214e-07,5.65651827926937e-05,"ENST00000451249.7"
97.580691398469,22.870938970473,4.33723019507039,5.27316696182453,1.34089470832191e-07,5.23472828785663e-05,"ENST00000356175.7"
38.1664017128251,8.79928994189241,2.43968946177182,3.60672539672403,0.000310085512383734,0.0373895296728949,"ENST00000696138.1"
93.4056244143994,-9.88457989734617,2.33502989709151,-4.23317059437154,2.3041958448123e-05,0.00495897830043489,"ENST00000354266.7"
43.4939142679734,8.98767587490661,2.459793673725,3.65383323443388,0.000258354104489586,0.0329929795991086,"ENST00000614623.5"
185.261875458773,-10.8724801391492,2.32763701921596,-4.67103764435379,2.99682006560367e-06,0.000838783539501786,"ENST00000674166.1"
119.730488738956,-10.242613909722,2.3879898596811,-4.2892200183337,1.79301685403839e-05,0.00401896171943152,"ENST00000674411.1"
35.1510555909041,-8.4744637843812,2.40851159937791,-3.51854804708852,0.000433915234030723,0.046844784686271,"ENST00000678906.1"
244.773951264606,-11.2742816946188,2.59416014275135,-4.34602378967297,1.38627540880442e-05,0.00329890798714564,"ENST00000341165.10"
103.840584808937,22.9399388756465,4.34246713385487,5.28269717847751,1.27295708950735e-07,5.0936199272665e-05,"ENST00000343638.9"
48.8879328318787,9.15775206432891,2.37454290331864,3.85663786134592,0.000114957275719929,0.0182643443444555,"ENST00000530514.6"
68.5248003878797,9.64489098108157,2.35301715372384,4.09894631061986,4.15035288218063e-05,0.00797857339297208,"ENST00000284073.7"
103.615004216771,10.2407335507397,2.39425574665964,4.27720955249962,1.89250637683446e-05,0.00418980745779593,"ENST00000225577.9"
35.9928729296415,-8.50857072053568,2.40997766588676,-3.53055998857355,0.000414680968284804,0.0453454478254592,"ENST00000580833.1"
90.952568963856,22.5553079633278,4.331508493139,5.20726393566002,1.91645409425412e-07,6.31249595838494e-05,"ENST00000358598.6"
76.6544733169603,-9.59922908826725,2.38573795178046,-4.02358904552087,5.73178983815469e-05,0.0106036149064136,"ENST00000535032.7"
131.823544667988,10.5887398863955,2.32752867656901,4.54934884067862,5.38121726365804e-06,0.00141394363997569,"ENST00000359042.6"
87.1644785140453,9.99091322510363,2.58596331624157,3.86351699668515,0.000111766112737219,0.0179154114063852,"ENST00000537686.6"
62.5101340307282,-9.30509623290691,2.35529318015771,-3.95071675632494,7.79174940675859e-05,0.0133196997216358,"ENST00000578853.2"
59.9136706858996,-9.24397257868337,2.35837320944434,-3.91963941146591,8.86815515433369e-05,0.0148772942013028,"ENST00000572047.5"
109.732249195259,23.0329350646153,4.34724627287363,5.29828162907137,1.16897569328768e-07,4.89510837020988e-05,"ENST00000575069.6"
53.4270173815797,-9.07830604283949,2.43144174242333,-3.73371316468042,0.000188677362381035,0.026268459892941,"ENST00000576380.6"
73.1864855851348,-9.53228024502043,2.54931141760646,-3.7391588093895,0.0001846370615521,0.0259062582545011,"ENST00000571874.6"
55.9288711437218,9.35077196303736,2.42720217138597,3.85248994635578,0.000116922778759177,0.0184141445649912,"ENST00000543302.6"
131.035509678889,10.5802848213584,2.36327191138151,4.476964656671,7.57117776170436e-06,0.00190226721632329,"ENST00000624133.1"
244.02060673618,11.4768331080095,2.3416075999902,4.90126232425003,9.52228040340075e-07,0.000287365399503523,"ENST00000423854.6"
47.5470798603117,9.11722579899774,2.37674243172372,3.83601760010044,0.000125045450621492,0.0192606812093844,"ENST00000257209.8"
99.0904557186699,10.1767231682185,2.33330306725236,4.36150936029171,1.29168269264859e-05,0.00311497354349037,"ENST00000282041.11"
33.7642799252723,8.62347395041546,2.40802869446976,3.58113421580897,0.000342105846293533,0.0404381087766529,"ENST00000589686.5"
144.003263166434,23.4129802776533,4.28563188967837,5.46313376425113,4.67801824296332e-08,4.43178734655925e-05,"ENST00000650932.1"
123.724952112776,23.1992674309257,4.35802725338346,5.32334152176638,1.01878212734862e-07,4.6763578119005e-05,"ENST00000359526.9"
101.431332484086,-23.4796150194472,4.29985809240826,-5.46055579389988,4.7464629062537e-08,4.43178734655925e-05,"ENST00000679103.1"
159.990893134602,10.8679815471905,2.31597375549248,4.6926186108182,2.69730055554081e-06,0.000762855909475179,"ENST00000679313.1"
94.4901529255265,-9.9009438123384,2.51381732546381,-3.93860910737086,8.19553241348566e-05,0.0138781964089054,"ENST00000680461.1"
50.0597480266302,-8.98442773590253,2.41178627551181,-3.72521720814418,0.00019514711459758,0.0269571618456936,"ENST00000602022.5"
44.3650817680188,9.01693433470192,2.39513833414932,3.76468206706084,0.000166761125516773,0.0242810491625083,"ENST00000455140.7"
46.670532973205,-8.88355738089506,2.37526233754078,-3.74003209687255,0.000183996758189072,0.0258836481266029,"ENST00000595641.5"
131.049807994942,-23.8281586213061,4.35613719480164,-5.47002023943167,4.49984189576535e-08,4.43178734655925e-05,"ENST00000596558.6"
125.701755577757,10.5195290296341,2.41348251795024,4.35865143061749,1.30866355875107e-05,0.00314189763467439,"ENST00000357491.10"
119.212686355882,10.4429679424688,2.45560583218452,4.2527053021285,2.11203437869219e-05,0.00460040262510378,"ENST00000611359.3"
117.553684217497,23.1305771493878,4.26526684280929,5.42300822007962,5.86042964614949e-08,4.43178734655925e-05,"ENST00000392250.7"
130.972433390856,-23.8276684111756,4.32352103751013,-5.51117207582681,3.56452025849291e-08,4.43178734655925e-05,"ENST00000586987.5"
47.9721784787485,9.13091163921363,2.39643533881007,3.81020572153118,0.000138851202214929,0.020835008590134,"ENST00000392219.7"
61.6799437858071,-9.28605367728448,2.39428779956538,-3.87841999569563,0.000105137090920214,0.017106628055479,"ENST00000420124.4"
97.2124623743238,22.8656826629362,4.33691704580149,5.27233572177087,1.34698389828037e-07,5.23472828785663e-05,"ENST00000252699.7"
85.4444748127024,-23.2461249185168,4.31911181629967,-5.38215399536298,7.35997567264707e-08,4.47062999668686e-05,"ENST00000432763.7"
49.3741675555366,-8.96505948741749,2.4103704211496,-3.7193700224473,0.000199720290130163,0.0271755424497261,"ENST00000595687.6"
68.4469605304164,9.64336384557009,2.35881960449905,4.08821591408558,4.34703465529639e-05,0.00829761360581115,"ENST00000391956.8"
76.6067161759765,-9.59865862798707,2.370534721898,-4.04915335739177,5.14032540302943e-05,0.0097165181059819,"ENST00000590088.5"
170.858267203357,23.4037742001603,4.38918314758905,5.33214801323929,9.70577753931842e-08,4.67624564110137e-05,"ENST00000405636.6"
89.3759690525507,-23.2448747498491,4.32264303803777,-5.37746803178107,7.55406204026168e-08,4.47062999668686e-05,"ENST00000311227.6"
55.7691424602022,-9.14072652371146,2.39571847181175,-3.81544268713629,0.000135939006210409,0.02045484450273,"ENST00000468240.6"
48.7864763845022,9.15492595120038,2.38003045844911,3.84655831554608,0.000119788629797678,0.0187148048405934,"ENST00000221735.12"
57.6296512146395,-9.18760443419745,2.40795824575381,-3.81551650673297,0.000135898370555288,0.02045484450273,"ENST00000642689.1"
120.827922971337,-23.7165803844027,4.34858035539142,-5.45386734201625,4.92859758910364e-08,4.43178734655925e-05,"ENST00000618296.4"
70.1105067805433,9.67691543019686,2.42812142822238,3.98535069857741,6.73805338654988e-05,0.0119896172050412,"ENST00000375687.10"
94.0937621403686,-23.0133150176947,4.32679931613394,-5.31878493460089,1.04462525996626e-07,4.68540437923965e-05,"ENST00000443239.7"
74.7251778773145,9.76887972466057,2.43800795250836,4.00691052488561,6.15181543816293e-05,0.0111890544833038,"ENST00000372904.7"
31.8925281269094,8.54210440746034,2.4317681506398,3.51271333379907,0.000443555759267398,0.0473252109494133,"ENST00000678025.1"
126.221067510746,-23.7771893709682,4.31996354045156,-5.50402547343786,3.71215876125346e-08,4.43178734655925e-05,"ENST00000372004.7"
235.889654390896,-24.6233153292787,4.41570732210705,-5.57630149217614,2.45685976214713e-08,4.43178734655925e-05,"ENST00000371356.6"
206.208253521293,23.8963818485079,4.40844840427421,5.4205878479465,5.94033722192956e-08,4.43178734655925e-05,"ENST00000395911.5"
102.743049468035,-23.4963666774248,4.33417672814921,-5.42118334142278,5.92057989018309e-08,4.43178734655925e-05,"ENST00000488546.6"
90.952568963856,22.5553093918212,4.33150849318127,5.20726426540041,1.91645068990096e-07,6.31249595838494e-05,"ENST00000265620.11"
48.2340906919227,-8.93095186224735,2.38336800516405,-3.74719801679667,0.000178820919612589,0.0252872441271006,"ENST00000683632.1"
42.7574562196831,8.96304523506879,2.45728124335612,3.6475455381034,0.00026475739817464,0.0335141667324449,"ENST00000354665.8"
82.2192878384239,-23.1948280172157,4.28238945264605,-5.41632849457067,6.08352883875269e-08,4.43178734655925e-05,"ENST00000451462.6"
632.444060882317,12.8508898497149,2.30806432972498,5.56782134891627,2.57944082272768e-08,4.43178734655925e-05,"ENST00000470450.5"
106.049958953808,22.9865564059175,4.34427629492081,5.29122800794061,1.21497779883292e-07,4.94425326204168e-05,"ENST00000286827.7"
60.4001452667729,9.46315103262799,2.38032297712228,3.97557437523398,7.02095967284816e-05,0.0123138058625839,"ENST00000698169.1"
46.9400386102935,9.09738023287687,2.56473779363213,3.54709953409831,0.000389497407345265,0.0436862357140733,"ENST00000399353.5"
87.2753063805992,-9.78630097610787,2.64544027407405,-3.69930898535718,0.000216187276804329,0.0286934164759043,"ENST00000463216.6"
199.763948089839,-24.0908880674015,4.36663566594997,-5.51703643499658,3.44763977897908e-08,4.43178734655925e-05,"ENST00000479153.1"
169.865073694283,23.6413171929835,4.30300896573452,5.49413616872348,3.92627465785015e-08,4.43178734655925e-05,"ENST00000616213.4"
172.331183299938,23.6631089769384,4.39004737582148,5.39017166586055,7.03904108848188e-08,4.47062999668686e-05,"ENST00000421503.6"
125.807815675145,-23.7727664021002,4.35231231278055,-5.46210030293358,4.70534078064582e-08,4.43178734655925e-05,"ENST00000249064.9"
137.455161227706,-10.4419476298837,2.32140912279221,-4.49810743283544,6.85610518150203e-06,0.00173877908826084,"ENST00000519077.4"
37.9140744080358,-8.58342227910297,2.44007744465872,-3.51768436608104,0.000435329826774062,0.046844784686271,"ENST00000651528.2"
118.407114799471,-10.2268906785746,2.44186761110159,-4.18814297387766,2.8124632386568e-05,0.00580770583248467,"ENST00000674780.1"
80.9161193030436,22.5968825383826,4.23170617295634,5.33989875828171,9.29985013182424e-08,4.67624564110137e-05,"ENST00000674708.1"
39.4294148269288,8.84718617947335,2.39233095867311,3.69814475183667,0.000217181033740179,0.0287546624059086,"ENST00000416721.6"
97.5514312675347,-9.9470054944751,2.41959943177858,-4.11101332056577,3.93926471183223e-05,0.00765450145570018,"ENST00000361684.8"
131.049807994942,-23.8281586213061,4.35613719480164,-5.47002023943167,4.49984189576535e-08,4.43178734655925e-05,"ENST00000360079.8"
271.502967724105,-11.4238312085574,2.45663650074473,-4.65019192098393,3.31626282029567e-06,0.000913985720865061,"ENST00000405506.2"
45.6040545548022,-8.84997872935361,2.4019406037091,-3.68451189662533,0.00022914132382585,0.0300436533294869,"ENST00000634914.1"
112.309852364276,23.0661476733864,4.34929180487106,5.30342609975103,1.13649224037154e-07,4.83402947501026e-05,"ENST00000381223.9"
47.9900710303761,-8.92387123656629,2.37713375502212,-3.75404674546101,0.000174002392129145,0.0248776717515891,"ENST00000304543.10"
67.3648054043087,-9.4133802987137,2.56628241612617,-3.66809990964412,0.000244359702398824,0.0314287303901954,"ENST00000427012.3"
51.1597992373251,-9.01614491171612,2.37260246213807,-3.80010771108752,0.000144633208877736,0.0215232542985301,"ENST00000683375.1"
58.7050434465085,9.42136327920766,2.36182288164862,3.98902193403735,6.63462873315304e-05,0.0119068441706377,"ENST00000523374.5"
69.3130969526489,-9.45390166579143,2.43430618191418,-3.88361239684217,0.000102915924206612,0.0169494369198688,"ENST00000376423.8"
45.0902059676027,9.0422115529271,2.4894821711986,3.6321656196371,0.000281052637314198,0.0347418361901045,"ENST00000638712.1"
46.1656923231063,-8.86742611903085,2.49642650036329,-3.55204774414165,0.000382245495375411,0.0434705671888091,"ENST00000451436.6"
138.737260748552,-10.4553824104945,2.33471555276102,-4.4782253658824,7.52661197933513e-06,0.00189990678743787,"ENST00000373790.9"
170.228758606686,10.9576271832489,2.32857278115497,4.70572673181122,2.52963182396269e-06,0.000719200955256002,"ENST00000423759.6"
70.5968187542543,9.6869756276003,2.40845725881494,4.0220666537245,5.76897263757135e-05,0.0106359772323879,"ENST00000658930.1"
61.9552449817995,9.49870285465973,2.38739344730811,3.97869185130332,6.9295482968502e-05,0.012193070666044,"ENST00000447531.5"
116.09859237486,-23.5767859691748,4.3120764000706,-5.46761786706487,4.56123896855854e-08,4.43178734655925e-05,"ENST00000372685.8"
53.4527244220821,9.28535862879189,2.43849971933092,3.80781615646018,0.000140199437234676,0.0209790398891411,"ENST00000355640.3"
89.4796528672753,22.7477595568519,4.33021292530822,5.25326582069466,1.49425631402124e-07,5.56677460876644e-05,"ENST00000370803.8"
123.356723088631,23.1956903300071,4.35775351200853,5.32285505962819,1.02151136045514e-07,4.6763578119005e-05,"ENST00000682941.1"
96.7367357075786,10.1417149238238,2.36988352094543,4.27941493081394,1.87385240919017e-05,0.00418279476413403,"ENST00000355905.6"
